{"cameraMode":{"drawMode":0,"name":"Shaded","section":"Shading Mode"},"sceneLighting":false,"audioPlay":false,"sceneViewState":{"showFog":false,"showMaterialUpdate":false,"showSkybox":false,"showFlares":false,"showImageEffects":false,"showParticleSystems":false},"in2DMode":false,"pivot":{"x":-0.8026161193847656,"y":-1.1230144500732422,"z":-1.464148998260498},"rotation":{"x":-0.09857980161905289,"y":-0.7951869964599609,"z":0.13432945311069489,"w":-0.5830649137496948},"size":10.031096458435059,"orthographic":false}