{"cameraMode":{"drawMode":0,"name":"Shaded","section":"Shading Mode"},"sceneLighting":false,"audioPlay":false,"sceneViewState":{"showFog":false,"showMaterialUpdate":false,"showSkybox":false,"showFlares":false,"showImageEffects":false,"showParticleSystems":false},"in2DMode":false,"pivot":{"x":0.09477949142456055,"y":0.12770092487335206,"z":-0.06493663787841797},"rotation":{"x":-0.09857980161905289,"y":-0.7951869964599609,"z":0.13432945311069489,"w":-0.5830649137496948},"size":6.462509632110596,"orthographic":false}