{"cameraMode":{"drawMode":0,"name":"Shaded","section":"Shading Mode"},"sceneLighting":true,"audioPlay":false,"sceneViewState":{"showFog":false,"showMaterialUpdate":false,"showSkybox":false,"showFlares":false,"showImageEffects":false,"showParticleSystems":false},"in2DMode":false,"pivot":{"x":6.538504600524902,"y":8.210014343261719,"z":17.556997299194337},"rotation":{"x":-0.29448404908180239,"y":-0.6097106337547302,"z":0.2609495520591736,"w":-0.6880698800086975},"size":27.92313003540039,"orthographic":false}