{"cameraMode":{"drawMode":0,"name":"Shaded","section":"Shading Mode"},"sceneLighting":false,"audioPlay":false,"sceneViewState":{"showFog":false,"showMaterialUpdate":false,"showSkybox":false,"showFlares":false,"showImageEffects":false,"showParticleSystems":false},"in2DMode":false,"pivot":{"x":0.010148942470550537,"y":0.09011650085449219,"z":-0.17601966857910157},"rotation":{"x":-0.06362185627222061,"y":0.8514259457588196,"z":-0.5096749663352966,"w":-0.10630366951227188},"size":4.041658401489258,"orthographic":false}