{"cameraMode":{"drawMode":0,"name":"Shaded","section":"Shading Mode"},"sceneLighting":true,"audioPlay":false,"sceneViewState":{"showFog":false,"showMaterialUpdate":false,"showSkybox":false,"showFlares":false,"showImageEffects":false,"showParticleSystems":false},"in2DMode":false,"pivot":{"x":5.4970703125,"y":-16.595443725585939,"z":-14.821642875671387},"rotation":{"x":-0.20781295001506806,"y":-0.7599865794181824,"z":0.2906876802444458,"w":-0.5429530143737793},"size":92.4014663696289,"orthographic":false}