{"cameraMode":{"drawMode":0,"name":"Shaded","section":"Shading Mode"},"sceneLighting":false,"audioPlay":false,"sceneViewState":{"showFog":false,"showMaterialUpdate":false,"showSkybox":false,"showFlares":false,"showImageEffects":false,"showParticleSystems":false},"in2DMode":false,"pivot":{"x":-19.444011688232423,"y":-3.812303066253662,"z":-16.8967342376709},"rotation":{"x":-0.030407307669520379,"y":0.9059960246086121,"z":-0.06618350744247437,"w":-0.4170394837856293},"size":33.990081787109378,"orthographic":false}