{"cameraMode":{"drawMode":0,"name":"Shaded","section":"Shading Mode"},"sceneLighting":false,"audioPlay":false,"sceneViewState":{"showFog":false,"showMaterialUpdate":false,"showSkybox":false,"showFlares":false,"showImageEffects":false,"showParticleSystems":false},"in2DMode":false,"pivot":{"x":5.463137626647949,"y":-17.720577239990236,"z":-14.332758903503418},"rotation":{"x":-0.13453425467014314,"y":-0.8649554252624512,"z":0.3234530985355377,"w":-0.35943523049354555},"size":5.541659355163574,"orthographic":false}