{"cameraMode":{"drawMode":0,"name":"Shaded","section":"Shading Mode"},"sceneLighting":false,"audioPlay":false,"sceneViewState":{"showFog":false,"showMaterialUpdate":false,"showSkybox":false,"showFlares":false,"showImageEffects":false,"showParticleSystems":false},"in2DMode":false,"pivot":{"x":-26.74032974243164,"y":11.530441284179688,"z":0.6892971992492676},"rotation":{"x":0.11506161838769913,"y":0.6944437026977539,"z":0.11388508975505829,"w":-0.7011409997940064},"size":27.369312286376954,"orthographic":false}