{"cameraMode":{"drawMode":0,"name":"Shaded","section":"Shading Mode"},"sceneLighting":false,"audioPlay":false,"sceneViewState":{"showFog":false,"showMaterialUpdate":false,"showSkybox":false,"showFlares":false,"showImageEffects":false,"showParticleSystems":false},"in2DMode":false,"pivot":{"x":29.909893035888673,"y":-3.5991997718811037,"z":26.06520652770996},"rotation":{"x":0.07174060493707657,"y":-0.2602244019508362,"z":0.01945279911160469,"w":0.9627131223678589},"size":31.420703887939454,"orthographic":false}